{"_step":2428,"_wandb":{"runtime":2480},"_runtime":2480.993519059,"train/loss":6.264852572712698e-06,"train/lr":0,"_timestamp":1.7804483632840612e+09}