{"train/lr":2.5e-06,"train/loss_aux":3.0390625,"_step":20,"train/loss_think_end":0.021240234375,"train/K":3,"train/epoch":10,"_timestamp":1.7803346456997957e+09,"train/loss_total":1.2714354991912842,"train/loss_trans":0.70703125,"train/loss_ans":0.2392578125,"_wandb":{"runtime":480},"_runtime":480.247521404}