{"train/lr":1.6666666666666667e-05,"train/K":3,"train/loss_think_end":0.341796875,"_wandb":{"runtime":419},"train/loss_aux":0.875,"train/loss_trans":0.419921875,"train/loss_ans":0.59765625,"train/epoch":11.5,"_runtime":419.100223985,"_step":23,"train/loss_total":2.234375,"_timestamp":1.7803396252259467e+09}