{"train/fail_rate":0.09090909090909091,"train/kl":1424,"train/ans":0.228515625,"_runtime":311.640017308,"train/lr":4.964659453301088e-07,"_wandb":{"runtime":311},"_timestamp":1.7811439693683777e+09,"_step":40,"train/loss":1424.000244140625}