{"_timestamp":1.7803317728817866e+09,"train/lr":2.5e-06,"train/loss_ans":0.1982421875,"train/loss_trans":4.234375,"train/loss_think_end":0.06591796875,"_step":20,"train/epoch":10,"train/loss_aux":1.70703125,"_runtime":445.433857615,"train/K":3,"train/loss_total":4.669238090515137,"_wandb":{"runtime":445}}