{"train/epoch":10,"train/K":3,"_timestamp":1.7803325526998563e+09,"train/loss_ans":0.2578125,"train/loss_trans":4.6354169845581055,"_wandb":{"runtime":436},"train/loss_think_end":0.042236328125,"train/lr":2.5e-06,"train/loss_total":5.058122158050537,"_runtime":436.063464098,"_step":20,"train/loss_aux":1.2265625}