{"_wandb":{"runtime":213559},"train/fail_rate":0.011757105943152454,"_runtime":213559.815286536,"train/loss":226.205078125,"train/lr":3.4676720445402957e-06,"_step":3810,"train/ans":0.7041015625,"_timestamp":1.7813574699045246e+09,"train/kl":225.5}