{"train/lr":0,"_step":9713,"train/loss_aux":0,"_timestamp":1.7803983711736634e+09,"train/K":3,"train/loss_trans":0.533859372138977,"train/epoch":1,"_wandb":{"runtime":9719},"train/loss_total":1.5065370798110962,"train/loss_ans":0.97265625,"_runtime":9719.321309814,"train/loss_think_end":2.1457672119140625e-05}