{"_step":20,"_wandb":{"runtime":495},"train/loss_aux":0.97265625,"_timestamp":1.7803383535471823e+09,"train/loss_ans":0.47265625,"train/loss_think_end":0.50390625,"train/loss_total":3.1002604961395264,"_runtime":495.802296917,"train/lr":2.5e-06,"train/K":3,"train/loss_trans":1.1510417461395264,"train/epoch":10}